breeding_prefix,contact_name,address,phone_number1,phone_number2,email
Test0,Test Contact 0,My New Address 0,1236589653,3214589634,test_my_mail@mymai.com
Test1,Test Contact 1,My New Address 1,1236589653,3214589634,test_my_mail@mymai.com
Test2,Test Contact 2,My New Address 2,1236589653,3214589634,test_my_mail@mymai.com
Test3,Test Contact 3,My New Address 3,1236589653,3214589634,test_my_mail@mymai.com
Test4,Test Contact 4,My New Address 4,1236589653,3214589634,test_my_mail@mymai.com
Test5,Test Contact 5,My New Address 5,1236589653,3214589634,test_my_mail@mymai.com
Test6,Test Contact 6,My New Address 6,1236589653,3214589634,test_my_mail@mymai.com
Test7,Test Contact 7,My New Address 7,1236589653,3214589634,test_my_mail@mymai.com
Test8,Test Contact 8,My New Address 8,1236589653,3214589634,test_my_mail@mymai.com
Test9,Test Contact 9,My New Address 9,1236589653,3214589634,test_my_mail@mymai.com
Test10,Test Contact 10,My New Address 10,1236589653,3214589634,test_my_mail@mymai.com
Test11,Test Contact 11,My New Address 11,1236589653,3214589634,test_my_mail@mymai.com
